{
    "/child": {
        "get": {
            "auth": {
                "type": "aws_iam"
            },
            "integration": {
                "type": "aws",
                "uri": "arn:aws:apigateway:us-east-1:lambda:path/2015-03-31/functions/arn:aws:lambda:us-east-1:ACCOUNT_ID:function:myFunction/invocations",
                "httpMethod": "POST",
                "credentials": "arn:aws:iam::ACCOUNT_ID:role/lambda_exec_role",
                "requestTemplates": {
                    "application/json": "json request template 2",
                    "application/xml": "xml request template 2"
                },
                "requestParameters": {
                    "integration.request.path.integrationPathParam": "method.request.querystring.latitude",
                    "integration.request.querystring.integrationQueryParam": "method.request.querystring.longitude"
                },
                "cacheNamespace": "cache namespace",
                "cacheKeyParameters": [],
                "responses": {
                    "2\\d{2}": {
                        "statusCode": "200",
                        "responseParameters": {
                            "method.response.header.test-method-response-header": "integration.response.header.integrationResponseHeaderParam1"
                        },
                        "responseTemplates": {
                            "application/json": "json 200 response template",
                            "application/xml": "xml 200 response template"
                        }
                    },
                    "default": {
                        "statusCode": "400",
                        "responseParameters": {
                            "method.response.header.test-method-response-header": "'static value'"
                        },
                        "responseTemplates": {
                            "application/json": "json 400 response template",
                            "application/xml": "xml 400 response template"
                        }
                    }
                }
            }
        },
        "post": {
            "auth": {
                "type": "none"
            },
            "integration": {
                "type": "http",
                "uri": "https://api.github.com",
                "httpMethod": "GET",
                "responses": {
                    "2//d{2}": {
                        "statusCode": "200"
                    },
                    "default": {
                        "statusCode": "400",
                        "responseParameters": {
                            "method.response.header.test-method-response-header": "'static value'"
                        },
                        "responseTemplates": {
                            "application/json": "json 400 response template",
                            "application/xml": "xml 400 response template"
                        }
                    }
                }
            }
        }
    }
}
